Symbol,Price Level,Note,Foreground Color,Background Color,Text Alignment,Diameter,Draw Note Price Horizontal Line
NQU6.CME@RITHMIC,29407.5,29200 PW,#000000,#FF1744,Right,1,true
NQU6.CME@RITHMIC,29437.5,29230 CW+LG,#000000,#00C853,Right,1,true
NQU6.CME@RITHMIC,29507.5,29300 ZG+VT-C,#000000,#FFD600,Right,1,true
NQU6.CME@RITHMIC,29637.5,29430 CB,#000000,#AA00FF,Right,1,true
NQU6.CME@RITHMIC,28120.5,683 ZG,#000000,#FFD600,Right,1,true
NQU6.CME@RITHMIC,29108.75,707 PW,#000000,#FF1744,Right,1,true
NQU6.CME@RITHMIC,29232.25,710 VT-P,#000000,#D500F9,Right,1,true
NQU6.CME@RITHMIC,29355.75,713 LG,#000000,#FF9100,Right,1,true
NQU6.CME@RITHMIC,29479.25,716 CW+CB,#000000,#00C853,Right,1,true
